{
  "timestamp": "2026-04-06T00:39:33.321444",
  "symbols": [],
  "aggregate": {
    "mean_monthly_return": 0.0,
    "median_monthly_return": 0.0,
    "consistency_ratio": 0.0,
    "worst_maxdd": 100.0,
    "mean_sharpe": 0.0,
    "mean_winrate": 0.0,
    "net_pnl": 0.0,
    "trades": 0
  },
  "side_by_side": {
    "paper_sharpe": 0.0,
    "real_sharpe": 89.84758589917843,
    "correlation": 0.0,
    "divergence_alert": true,
    "paper_points": 1,
    "real_points": 31,
    "paper_equity_last": 50000.0,
    "real_equity_last": 50464.99999999991,
    "paper_curve": [
      50000.0,
      50000.0,
      50000.0,
      50000.0,
      50000.0,
      50000.0,
      50000.0,
      50000.0,
      50000.0,
      50000.0,
      50000.0,
      50000.0,
      50000.0,
      50000.0,
      50000.0,
      50000.0,
      50000.0,
      50000.0,
      50000.0,
      50000.0,
      50000.0,
      50000.0,
      50000.0,
      50000.0,
      50000.0,
      50000.0,
      50000.0,
      50000.0,
      50000.0,
      50000.0,
      50000.0
    ],
    "real_curve": [
      50000.0,
      50013.75,
      50026.25,
      50044.99999999999,
      50058.74999999999,
      50077.499999999985,
      50089.999999999985,
      50108.74999999998,
      50122.49999999998,
      50141.24999999997,
      50154.99999999997,
      50168.74999999997,
      50187.49999999996,
      50199.99999999996,
      50218.749999999956,
      50232.499999999956,
      50246.249999999956,
      50264.99999999995,
      50277.49999999995,
      50296.24999999994,
      50309.99999999994,
      50323.74999999994,
      50342.499999999935,
      50354.999999999935,
      50373.74999999993,
      50387.49999999993,
      50401.24999999993,
      50419.99999999992,
      50432.49999999992,
      50451.24999999991,
      50464.99999999991
    ]
  },
  "goals": {
    "min_monthly_return": 0.05,
    "max_monthly_return": 0.1,
    "max_maxdd": 8.0,
    "min_paper_real_corr": 0.85
  },
  "goal_met": false,
  "reason": "No historical swarm data"
}